<?xml version="1.0" encoding="utf-8"?>
<extension type="module" version="3.1.0" client="site" method="upgrade">
    <name>Dashboard</name>
    <author>Matthias Hazeleger</author>
    <version>0.0.1</version>
    <description>A clean dashboard to keep track of updates via the watchfull.li API.</description>
    <files>
        <filename>mod_dashboard.xml</filename>
        <filename module="mod_dashboard">mod_dashboard.php</filename>
        <filename>helper.php</filename>
        <folder>tmpl</folder>
    </files>
    <config>
    </config>
</extension>